Feature_1,Feature_2,Correlation
dmfcc13_std,mfcc13_std,0.8308822872710929
mfcc3_std,mfcc1_std,0.8072234535040613
dmfcc11_std,dmfcc6_std,0.7521336527117147
dmfcc7_std,dmfcc6_std,0.7387034116815432
dmfcc11_std,mfcc11_std,0.7223874091427852
dmfcc11_std,mfcc9_std,0.7210148989533889
dmfcc13_std,dmfcc11_std,0.712988284508748
mfcc11_std,mfcc13_std,0.6998117110981751
dmfcc11_std,dmfcc7_std,0.6926302093279313
dmfcc7_std,mfcc9_std,0.6890195998226286
mfcc9_std,mfcc11_std,0.6850379603120138
mfcc9_std,dmfcc6_std,0.6711608581839658
mfcc10_std,mfcc13_std,0.6589056265087875
dmfcc13_std,dmfcc6_std,0.655298208501233
mfcc9_std,mfcc10_std,0.6495544105380545
dmfcc13_std,dmfcc7_std,0.6406275154416117
dmfcc13_std,mfcc11_std,0.6275641953897818
dmfcc7_std,mfcc10_std,0.6103101065316991
dmfcc7_std,mfcc11_std,0.6086194994745162
dmfcc13_std,mfcc10_std,0.6062615605099757
mfcc9_std,mfcc13_std,0.6036636709138454
dmfcc11_std,mfcc13_std,0.6015073123497124
mfcc10_std,mfcc11_std,0.5997389192456525
dmfcc6_std,mfcc11_std,0.5908072870909764
spec_rolloff_std_hz,mfcc2_mean,0.5887438300001955
dmfcc7_std,mfcc13_std,0.5781004926550024
mfcc1_std,mfcc2_mean,0.5761900198195766
dmfcc13_std,mfcc9_std,0.5751095381847258
dmfcc6_std,mfcc13_std,0.5649344570772089
mfcc9_std,mfcc3_std,0.5603765201370889
mfcc3_std,mfcc2_mean,0.5433424609768993
dmfcc11_std,mfcc3_std,0.5365338348606965
dmfcc7_std,mfcc3_std,0.5294507092899121
mfcc3_std,mfcc11_std,0.5213247217632305
dmfcc11_std,mfcc10_std,0.518108304354973
dmfcc13_mean,dmfcc3_mean,0.5177577369751136
mfcc2_mean,mfcc13_std,0.5130400569285821
spec_rolloff_std_hz,mfcc3_std,0.5126807907862793
spec_centroid_mean_hz,mfcc2_mean,0.5116050746223593
spec_rolloff_std_hz,mfcc1_std,0.5052926770514786
mfcc9_std,mfcc1_std,0.5052816843833965
dmfcc6_std,mfcc2_mean,0.5024960552487064
mfcc1_std,mfcc11_std,0.4935757354743118
dmfcc13_std,mfcc2_mean,0.49231065143562663
dmfcc7_std,mfcc2_mean,0.48987999431424356
mfcc10_std,mfcc2_mean,0.4888683623992367
mfcc3_std,mfcc13_std,0.4881151787888578
dmfcc11_std,mfcc1_std,0.47895658194596685
dmfcc7_std,mfcc1_std,0.4759979426060267
dmfcc6_std,mfcc10_std,0.4696000556181731
spec_rolloff_std_hz,mfcc9_std,0.46898620350523434
mfcc3_std,mfcc10_std,0.4687827935082747
spec_rolloff_std_hz,mfcc10_std,0.4632365548512465
dmfcc11_std,mfcc2_mean,0.45434091513777275
dmfcc6_std,mfcc1_std,0.45427970049744393
mfcc9_std,mfcc2_mean,0.4509862208632319
dmfcc6_std,mfcc3_std,0.44960095826659385
mfcc1_std,mfcc13_std,0.44250771534633926
dmfcc13_std,mfcc3_std,0.43201891903824297
mfcc11_std,mfcc2_mean,0.4248131402923511
dmfcc13_std,mfcc1_std,0.4176176834413067
spec_rolloff_std_hz,dmfcc7_std,0.400353807847125
spec_rolloff_std_hz,dmfcc11_std,0.37700353767486255
dmfcc7_std,shimmer_local,0.36829412600207023
spec_rolloff_std_hz,dmfcc6_std,0.36726697094237215
spec_rolloff_std_hz,mfcc11_std,0.3460552668451659
mfcc1_std,mfcc10_std,0.3449834805558609
spec_rolloff_std_hz,mfcc13_std,0.3218516299045447
spec_rolloff_std_hz,spec_centroid_mean_hz,0.3217026260042885
shimmer_local,mfcc13_std,0.3122120971067928
dmfcc13_std,shimmer_local,0.2880983214886461
mfcc9_std,shimmer_local,0.2631255938859741
dmfcc11_std,shimmer_local,0.2481788990960379
spec_rolloff_std_hz,dmfcc13_std,0.22736209922309103
dmfcc13_mean,shimmer_local,0.21557881804897489
dmfcc6_std,shimmer_local,0.21173782386678516
spec_rolloff_std_hz,dmfcc3_mean,0.20577208404039282
shimmer_local,mfcc11_std,0.204074806164062
mfcc1_std,shimmer_local,0.17943057532095852
mfcc10_std,shimmer_local,0.16717116493158504
dmfcc13_std,dmfcc13_mean,0.1659210756210532
mfcc3_std,shimmer_local,0.16284327176949145
dmfcc7_std,dmfcc3_mean,0.15856038615687024
spec_centroid_mean_hz,shimmer_local,0.1542125193773171
dmfcc13_mean,mfcc10_std,0.1362931681040593
dmfcc11_std,spec_centroid_mean_hz,0.1257235147438955
spec_centroid_mean_hz,dmfcc3_mean,0.12199324799053846
shimmer_local,mfcc2_mean,0.11064100636475385
spec_centroid_mean_hz,dmfcc7_std,0.10412100073819004
spec_rolloff_std_hz,dmfcc13_mean,0.09880524128364311
dmfcc11_std,dmfcc3_mean,0.09766163019593611
dmfcc13_mean,mfcc13_std,0.09763207904939251
dmfcc3_mean,mfcc11_std,0.09446937846012078
spec_rolloff_std_hz,shimmer_local,0.09282305230566242
dmfcc13_mean,mfcc11_std,0.09223737882862558
dmfcc11_std,dmfcc13_mean,0.08452082423226291
dmfcc13_std,dmfcc3_mean,0.07870253029994952
dmfcc13_mean,mfcc2_mean,0.07734674393385355
dmfcc3_mean,mfcc2_mean,0.07491223336256643
dmfcc3_mean,mfcc10_std,0.07413770047259549
spec_centroid_mean_hz,dmfcc6_std,0.0720436296124676
dmfcc13_mean,dmfcc7_std,0.06591261503490094
dmfcc3_mean,mfcc13_std,0.06457592328457522
dmfcc13_mean,mfcc9_std,0.060129172529464536
dmfcc3_mean,dmfcc6_std,0.05962206060616091
spec_centroid_mean_hz,mfcc9_std,0.05762378818231756
spec_centroid_mean_hz,dmfcc13_mean,0.05482339505600145
dmfcc3_mean,mfcc9_std,0.044363618932309584
spec_centroid_mean_hz,mfcc13_std,0.043102963062260864
spec_centroid_mean_hz,mfcc10_std,0.03993682874016148
spec_centroid_mean_hz,mfcc3_std,0.03535676723973828
dmfcc13_std,spec_centroid_mean_hz,0.026392170629442428
dmfcc13_mean,mfcc1_std,0.02359033944860636
dmfcc13_mean,mfcc3_std,0.0083636962231653
dmfcc3_mean,mfcc1_std,0.006538078869891959
spec_centroid_mean_hz,mfcc11_std,0.006354810369574726
dmfcc3_mean,shimmer_local,0.0032243410793159014
dmfcc3_mean,mfcc3_std,0.00319333865030489
dmfcc13_mean,dmfcc6_std,0.002933216253910492
spec_centroid_mean_hz,mfcc1_std,0.0028679269705529694
