log10C,log10gamma,t,C,gamma,bal_acc_mean,bal_acc_std,crowding
-0.03172326297844791,-3.2567303672462953,0.2251149083009732,0.9295585225909221,0.0005536937646051329,0.8363440860215053,0.05386399199357246,inf
-0.038853087810706066,-3.2477506356031034,0.22564401142762608,0.914422518009856,0.0005652614450178142,0.8331182795698924,0.05114211810878153,0.1446147299004989
-0.18856346429207682,-3.0274535773222175,0.2353475568794428,0.6477934250464722,0.0009387423755150051,0.8264516129032258,0.04901433364130176,0.13432263045590614
-0.3659206178516803,-2.7188278700822552,0.250315116518033,0.4306053111252471,0.0019106103670587695,0.8264516129032258,0.04901433364130176,0.07175721626320974
-0.20115065850417202,-2.9631920055444914,0.2419080959558152,0.6292878425018374,0.001088448773830694,0.8264516129032258,0.04901433364130176,0.0
-0.2928490364851426,-2.8112076009734013,0.24825041616164029,0.5095079484714035,0.001544515955219533,0.8264516129032258,0.04901433364130176,0.0
0.16855765695252112,-3.337496404761808,0.21811709062950657,1.4742042433962046,0.0004597307943238015,0.8262365591397849,0.04308783415525784,0.13432263045590614
0.2840215847856932,-3.470859879975296,0.21964452527893158,1.9231873104938813,0.0003381739264607016,0.8262365591397849,0.04308783415525784,0.040800741836402366
0.5591318621763174,-3.719744885759914,0.2171036410136506,3.623530007407519,0.00019065803567964854,0.8262365591397849,0.04308783415525784,0.0
0.18314021011741183,-3.335323736712206,0.2182642208743881,1.5245448671494901,0.00046203647653385305,0.8262365591397849,0.04308783415525784,0.0
0.23137576276039679,-3.425463305112441,0.21818784418760667,1.7036318970489304,0.00037543667494091077,0.8262365591397849,0.04308783415525784,0.0
0.24843231163694385,-3.453559511310657,0.2180750585455648,1.7718718628259713,0.0003519171960576328,0.8262365591397849,0.04308783415525784,0.0
0.31794446166606144,-3.4755822585847014,0.21946425424737254,2.079430748877742,0.00033451665192624756,0.8262365591397849,0.04308783415525784,0.0
-0.3517581865757955,-2.7084665657657956,0.26494568181600286,0.4448789053095029,0.001956741402204636,0.82,0.042265587992070024,0.07140818612472921
-0.3537837437416991,-2.6740142438097343,0.2640793791932265,0.4428088134303029,0.002118291659260636,0.82,0.042265587992070024,0.040800741836402366
-0.3035300470328012,-2.7065896645001106,0.26371181376438757,0.49712997817540455,0.0019652161998786775,0.82,0.042265587992070024,0.0
-0.3385828379327914,-2.6921988736857982,0.2616186911482562,0.45858216685597986,0.0020314265597832035,0.82,0.042265587992070024,0.0
-0.3653813914095172,-2.647267647181394,0.26256472300709605,0.43114028908803476,0.0022528503966802314,0.82,0.042265587992070024,0.0
-0.37457587027502837,-2.657929004357574,0.26275167905710306,0.42210853119284425,0.002198219194017091,0.82,0.042265587992070024,0.0
-0.37929467743629697,-2.636501409351478,0.26417039488102073,0.41754695660024976,0.0023093969645636156,0.82,0.042265587992070024,0.0
-0.39265971089858964,-2.3701240055446764,0.29260924162373586,0.4048930191831562,0.004264577335236384,0.8102150537634408,0.040647436927818914,0.08885428103449805
-0.46401868073483565,-2.4459169379016923,0.2867242685770941,0.34354317042246063,0.0035816493229953237,0.8102150537634408,0.040647436927818914,0.07140818612472921
-0.529635992162431,-2.409826020613686,0.2855169874998397,0.2953683846218636,0.003892010286118677,0.8102150537634408,0.040647436927818914,0.0
-0.4025264896808969,-2.5174257931104114,0.2822471877311448,0.3957979225063543,0.0030379051273960373,0.8102150537634408,0.040647436927818914,0.0
-0.48155866755551896,-2.4481946785537447,0.2843136374143851,0.32994483362966287,0.0035629138504565585,0.8102150537634408,0.040647436927818914,0.0
-0.2847583945878165,-2.563236868647347,0.2822263343572683,0.5190887365170885,0.0027337772895582356,0.8102150537634408,0.040647436927818914,0.0
-0.3496402122559753,-2.5864104174273956,0.2819687271031418,0.4470537968783516,0.0025917289660338538,0.8102150537634408,0.040647436927818914,0.0
-0.23807434174427405,-2.798430063052976,0.250096269290065,0.5779970984386269,0.0015906328119813314,0.8098924731182795,0.03675563890833239,0.08885428103449805
-0.22536665531494848,-2.832053902854586,0.24977047819975434,0.5951594649731314,0.001472129776367341,0.8098924731182795,0.03675563890833239,0.05570341508009455
-0.5245716174401645,-2.3888396445667848,0.2957860569564609,0.29883288152145043,0.004084701787656226,0.803763440860215,0.03525504582958062,0.05570341508009455
-0.6385111455563965,-2.43196964519692,0.28890965474170194,0.22987347147171494,0.0036985402964566333,0.803763440860215,0.03525504582958062,0.037439666774542045
-0.48434224106477847,-2.5319788653652058,0.2876443215922881,0.32783684301712596,0.0029377926140894154,0.803763440860215,0.03525504582958062,0.0
-0.592004328284502,-2.535258886343813,0.28679347762529117,0.2558560387543074,0.0029156884311399536,0.803763440860215,0.03525504582958062,0.0
-0.5505379872445153,-2.4822871713706003,0.29158193452884434,0.2814893788805871,0.003293918342417445,0.803763440860215,0.03525504582958062,0.0
-0.5620706396260087,-2.500178924378382,0.2863205068093105,0.2741128280872312,0.003160975106139139,0.803763440860215,0.03525504582958062,0.0
-0.549641633404673,-2.329164520506753,0.2934238119874012,0.28207095349140265,0.004686358187382147,0.803763440860215,0.03525504582958062,0.0
-0.530802489260656,-2.5186732398120384,0.29268925070749946,0.2945761017971077,0.0030291917139691252,0.800537634408602,0.03410484199387891,0.2750373899069701
-0.5519121640769181,-2.4881627035000036,0.293503183480859,0.2806001093409129,0.0032496552992883365,0.800537634408602,0.03410484199387891,0.037439666774542045
-0.5408763960879024,-2.478712408665732,0.2948978753121579,0.28782174634041546,0.0033211431201655697,0.800537634408602,0.03410484199387891,0.0
-0.5622196272538004,-2.4726407893164004,0.29486174483678884,0.2740188079755597,0.0033679001766304516,0.800537634408602,0.03410484199387891,0.0
-0.4513209547780416,-2.4401353471130847,0.2995800272747308,0.35373582460068886,0.0036296491976162476,0.800537634408602,0.03410484199387891,0.0
-0.38003104772963825,-2.46634844183035,0.299816458084486,0.41683958252691933,0.0034170517664431693,0.800537634408602,0.03410484199387891,0.0
-0.5342627856578158,-2.512331260645931,0.29407808307795713,0.2922383548389517,0.0030737513985799668,0.800537634408602,0.03410484199387891,0.0
2.5,-1.5397069302768642,0.45680879694927234,316.22776601683796,0.028859783562392605,0.7471236559139784,0.030364399592804663,0.2750373899069701
2.5,-1.5397069302768644,0.45680879694927234,316.22776601683796,0.028859783562392587,0.7471236559139784,0.030364399592804663,0.1318983390493919
2.7443458531445537,-1.6630282471320563,0.49522205688498105,555.0675685496913,0.02172559867878137,0.7135215053763441,0.02983623936301437,0.3059160702968712
2.5,-1.3933707972223552,0.6214656419214949,316.22776601683796,0.040423061539238886,0.669784946236559,0.02904499919544471,0.28813586314141065
2.140162051420408,-1.2130764039625164,0.6718598768356098,138.08994334098423,0.06122426724625776,0.6675,0.02434308624794569,0.38127635233766466
2.163825198693871,-1.1840781997609402,0.7218869706621538,145.82272131518508,0.06545183098395854,0.653763440860215,0.014664711502135316,0.731784756695556
2.9347980161016327,-2.108214003800861,0.7712557847053708,860.5934099115566,0.007794459345696209,0.5563172043010752,0.009488904620818703,inf
